datetime,Id
2021-11-16 09:53:47.155241,90162565
2021-11-16 09:53:49.220995,4311501662328
2021-11-16 11:13:00.709172,4311501662328
2021-11-17 09:53:47.155241,90162565
2021-11-17 09:53:49.220995,4311501662328
2021-11-17 11:13:00.709172,4311501662328
2021-11-17 12:53:47.155241,90162565
2021-11-18 09:53:47.155241,90162565
2021-11-18 09:53:49.220995,4311501662328
2021-11-18 11:13:00.709172,4311501662328
2021-11-18 12:53:47.155241,90162565
2021-11-18 12:53:49.220995,4311501662328
2021-11-18 13:13:00.709172,4311501662328
2021-11-19 09:53:47.155241,90162565
2021-11-19 09:53:49.220995,4311501662328
2021-11-20 09:53:47.155241,90162565
2021-11-20 09:53:49.220995,4311501662328
2021-11-20 11:13:00.709172,4311501662328
2021-11-20 12:53:47.155241,90162565
2021-11-20 13:53:49.220995,4311501662328
2021-11-20 15:53:49.220995,4311501662328
2021-11-20 16:13:00.709172,4311501662328